F1,Acc,Recall,loss
0.0,0.0,0.0,69.65547943115234
0.0,0.0,0.0,103.30696868896484
0.0,0.0,0.0,111.49333190917969
0.0,0.0,0.0,76.11878204345703
0.0,0.0,0.0,89.03981018066406
0.0,0.0,0.0,120.63885498046875
0.0,0.0,0.0,108.39549255371094
0.0,0.0,0.0,89.5160140991211
0.0,0.0,0.0,79.3662338256836
0.0,0.0,0.0,60.711158752441406
0.0,0.0,0.0,47.553245544433594
0.0,0.0,0.0,16.16913604736328
0.0,0.0,0.0,34.205570220947266
0.0,0.0,0.0,27.765613555908203
0.0,0.0,0.0,29.936281204223633
0.0,0.0,0.0,10.762962341308594
0.0,0.0,0.0,11.745016098022461
0.0,0.0,0.0,10.310624122619629
0.0,0.0,0.0,17.852649688720703
0.0,0.0,0.0,42.377098083496094
0.0,0.0,0.0,12.286779403686523
0.0,0.0,0.0,22.309589385986328
0.0,0.0,0.0,11.609790802001953
0.0,0.0,0.0,15.93404769897461
0.0,0.0,0.0,13.33340835571289
0.0,0.0,0.0,11.429702758789062
0.0,0.0,0.0,16.750865936279297
0.0,0.0,0.0,19.8623046875
0.0,0.0,0.0,15.944940567016602
0.0,0.0,0.0,22.55791473388672
0.0,0.0,0.0,6.39162540435791
0.0,0.0,0.0,9.75813102722168
0.0,0.0,0.0,11.69527530670166
0.0,0.0,0.0,37.78056716918945
0.0,0.0,0.0,28.231721878051758
0.0,0.0,0.0,7.914441108703613
0.0,0.0,0.0,18.25373649597168
0.0,0.0,0.0,7.53354549407959
0.0,0.0,0.0,15.061030387878418
0.0,0.0,0.0,14.782352447509766
0.0,0.0,0.0,11.758698463439941
0.0,0.0,0.0,22.178569793701172
0.0,0.0,0.0,19.932876586914062
0.0,0.0,0.0,46.1444206237793
0.0,0.0,0.0,11.972372055053711
0.0,0.0,0.0,22.769969940185547
0.0,0.0,0.0,11.130867958068848
0.0,0.0,0.0,15.722373962402344
0.0,0.0,0.0,8.723546981811523
0.0,0.0,0.0,5.956748008728027
0.0,0.0,0.0,6.118557929992676
0.0,0.0,0.0,22.579845428466797
0.0,0.0,0.0,11.0965576171875
0.0,0.0,0.0,8.735360145568848
0.0,0.0,0.0,12.82336711883545
0.0,0.0,0.0,15.165559768676758
0.0,0.0,0.0,15.611625671386719
0.0,0.0,0.0,14.5237398147583
0.0,0.0,0.0,21.670433044433594
0.0,0.0,0.0,10.392695426940918
0.0,0.0,0.0,15.414989471435547
0.0,0.0,0.0,25.52700424194336
0.0,0.0,0.0,29.151384353637695
0.0,0.0,0.0,8.440000534057617
0.0,0.0,0.0,17.998210906982422
0.0,0.0,0.0,18.179054260253906
0.0,0.0,0.0,33.94553756713867
0.0,0.0,0.0,13.793577194213867
0.0,0.0,0.0,32.15503692626953
0.0,0.0,0.0,8.485159873962402
0.0,0.0,0.0,6.181272506713867
0.0,0.0,0.0,32.02146911621094
0.0,0.0,0.0,9.493581771850586
0.0,0.0,0.0,10.47262191772461
0.0,0.0,0.0,11.27242660522461
0.0,0.0,0.0,14.568440437316895
0.0,0.0,0.0,17.94646644592285
0.004454342964618231,0.02,0.002506265664160401,27.27481460571289
0.004429678828587862,0.02,0.0024906600249066002,4.68901252746582
0.004400440024422684,0.02,0.002472187886279357,7.242575645446777
0.014909478148235554,0.0660377358490566,0.008403361344537815,26.392351150512695
0.01455301453228137,0.061946902654867256,0.008244994110718492,19.365779876708984
0.014127144278327756,0.06140350877192982,0.00798175598631699,31.02944564819336
0.01577909268130201,0.06666666666666667,0.008948545861297539,25.39743423461914
0.019417475707123953,0.08130081300813008,0.011025358324145534,14.695058822631836
0.022835394840789027,0.09448818897637795,0.012987012987012988,23.3986759185791
0.024482109206671845,0.1015625,0.013918629550321198,9.971077919006348
0.026241799416419128,0.10852713178294573,0.014925373134328358,4.802580833435059
0.027573529390583263,0.11450381679389313,0.01567398119122257,26.363067626953125
0.030548068262873873,0.12781954887218044,0.017346938775510204,21.525522232055664
0.030384271650189067,0.12781954887218044,0.017241379310344827,6.420507431030273
0.030222222201373068,0.12781954887218044,0.017137096774193547,8.517539978027344
0.03684210524201124,0.15328467153284672,0.020937188434695914,14.727359771728516
0.03671328669207113,0.15217391304347827,0.020874751491053677,2.480609893798828
0.03986135179843751,0.16428571428571428,0.022682445759368838,5.3961591720581055
0.039349871663987485,0.16312056737588654,0.02237354085603113,19.002782821655273
0.047019311481047966,0.18791946308724833,0.026871401151631478,12.115495681762695
0.04837364468190437,0.19205298013245034,0.02767175572519084,4.7463836669921875
0.05409836063319054,0.2088607594936709,0.031073446327683617,8.048057556152344
0.053833605197775226,0.2088607594936709,0.03089887640449438,6.712837219238281
0.06104417668395233,0.23170731707317074,0.03515263644773358,6.1005659103393555
0.06220095691471133,0.23353293413173654,0.035878564857405704,6.06561279296875
0.07662236119585535,0.2768361581920904,0.04446460980036298,5.841032028198242
0.07763975152875083,0.2777777777777778,0.04512635379061372,7.021921157836914
0.0809778456595667,0.28804347826086957,0.04711111111111111,15.720452308654785
0.08060836499494237,0.28804347826086957,0.046861184792219276,6.810304641723633
0.0846953937348273,0.296875,0.049393414211438474,15.329978942871094
0.08714918756755867,0.3010204081632653,0.05094991364421416,2.2229747772216797
0.08791208788697404,0.29850746268656714,0.05154639175257732,4.439682960510254
0.09037900872093739,0.3024390243902439,0.05312767780634105,1.1853437423706055
0.10436025730055032,0.33796296296296297,0.06170752324598478,6.181168556213379
0.10916724979842442,0.34513274336283184,0.06483790523690773,11.905586242675781
0.11325966848100333,0.3474576271186441,0.06765676567656766,4.197279930114746
0.11385459530866635,0.3472803347280335,0.06808859721082855,6.411996841430664
0.1268357810128752,0.3682170542635659,0.07661290322580645,7.066905975341797
0.1295439523836173,0.3712121212121212,0.07846277021617294,6.4311676025390625
0.13394018202550118,0.3786764705882353,0.08135860979462875,12.400957107543945
0.13846153843200204,0.38434163701067614,0.08444096950742767,10.546649932861328
0.14358322741609864,0.3923611111111111,0.08786936236391912,3.5400257110595703
0.14749999996960944,0.39464882943143814,0.09069946195234435,10.067285537719727
0.15059116362846972,0.40066225165562913,0.09272030651340996,2.3705062866210938
0.16415208204465448,0.42105263157894735,0.10194902548725637,15.421340942382812
0.1706161137121185,0.42729970326409494,0.10658771280532939,9.611492156982422
0.1703877790513186,0.4239766081871345,0.10661764705882353,10.444436073303223
0.17411491581215222,0.4297994269340974,0.1091703056768559,9.181021690368652
0.1773735076421261,0.430939226519337,0.11166785969935576,22.061586380004883
0.18437324336208966,0.44086021505376344,0.11656005685856433,3.047454833984375
0.1863839285382046,0.44297082228116713,0.11802120141342756,2.730968475341797
0.19294377063904486,0.4533678756476684,0.12254901960784313,3.149127960205078
0.19650655018464042,0.4580152671755725,0.1250868658790827,5.414278030395508
0.2002152852189893,0.46153846153846156,0.12783505154639174,7.842372894287109
0.20117710001943603,0.4619164619164619,0.12859097127222982,4.948978424072266
0.2058355437323594,0.46973365617433416,0.13179347826086957,3.6209888458251953
0.20875065890074293,0.47255369928400953,0.13396481732070364,1.6550283432006836
0.21227887613597868,0.4755244755244755,0.13663764233087744,12.445487976074219
0.2129198966060872,0.47575057736720555,0.13715046604527298,3.771879196166992
0.21654749741136148,0.4785553047404063,0.13993399339933993,8.275158882141113
0.22064777324412302,0.48337028824833705,0.14295081967213114,4.285604476928711
0.2242242241887254,0.48590021691973967,0.1457384515289525,5.942018508911133
0.22706990576494981,0.48723404255319147,0.1480284421460892,6.491481781005859
0.22868408079218655,0.48945147679324896,0.14919614147909968,3.0977916717529297
0.23114593532153094,0.49166666666666664,0.15108834827144688,5.171283721923828
0.2350655657725803,0.49794238683127573,0.15384615384615385,4.252506256103516
0.2377960366965729,0.5020408163265306,0.155794806839772,2.805023193359375
0.23969319267702904,0.5030181086519114,0.15733165512901195,7.782777786254883
0.24213536697980134,0.5059760956175299,0.15914786967418545,1.0286521911621094
0.2470753392238696,0.5086705202312138,0.1631644004944376,16.049983978271484
0.2501157943122859,0.5113636363636364,0.16554261189454322,5.480077743530273
0.251270207815219,0.5132075471698113,0.16636085626911315,1.5087165832519531
0.261461643176379,0.5245901639344263,0.17412333736396615,3.321218490600586
0.267086330897528,0.5294117647058824,0.17859290438965725,1.7083606719970703
0.27029437997996497,0.5325131810193322,0.18111177525403466,6.296964645385742
0.2713968957491024,0.53125,0.18225134008338298,4.732561111450195
0.2710526315410126,0.5327586206896552,0.18176470588235294,19.983623504638672
0.2731239092115456,0.535042735042735,0.1833626244874048,3.0891666412353516
0.27666955763746565,0.5388513513513513,0.18611435239206534,2.2083911895751953
0.28142428138596925,0.5448504983388704,0.18970503181029497,5.652342796325684
0.28692340241596126,0.5503246753246753,0.19404693760732686,7.637423515319824
0.28739991567985773,0.5491143317230274,0.19463470319634704,2.147674560546875
0.29635761585509407,0.559375,0.20157657657657657,11.519689559936523
0.3002461033242684,0.5622119815668203,0.20481253497481813,2.622736930847168
0.3063795204807863,0.5694864048338368,0.2095608671484158,1.3924560546875
0.3107890498799421,0.5727002967359051,0.2132596685082873,2.3079280853271484
0.31461569091999264,0.5741279069767442,0.21667580910586945,11.174235343933105
0.3142402545345568,0.572463768115942,0.21655701754385964,1.5968742370605469
0.3184663536376374,0.5764872521246459,0.22,8.01834774017334
0.3175965664835492,0.5732394366197183,0.21964382083108472,2.9112586975097656
0.32009255684377,0.5755894590846047,0.22168803418803418,11.553177833557129
0.3236196318615962,0.5796703296703297,0.22446808510638297,1.1489681005477905
0.7999999999500002,0.8,0.8,1.5383729934692383
0.5833333332836805,0.6363636363636364,0.5384615384615384,6.408651351928711
0.6181818181326281,0.7083333333333334,0.5483870967741935,5.808608531951904
0.6133333332844088,0.71875,0.5348837209302325,4.05131721496582
0.5052631578463379,0.6153846153846154,0.42857142857142855,5.85079288482666
0.5344827585718936,0.6326530612244898,0.4626865671641791,2.5450363159179688
0.5161290322091181,0.6037735849056604,0.4507042253521127,4.063542366027832
0.5306122448491831,0.6290322580645161,0.4588235294117647,6.026484489440918
0.5202312138242374,0.625,0.44554455445544555,13.696019172668457
0.5263157894251025,0.6329113924050633,0.45045045045045046,5.252825736999512
0.5504587155476938,0.6593406593406593,0.47244094488188976,4.833828926086426
0.5663716813671978,0.6736842105263158,0.48854961832061067,0.5259904861450195
0.5669291338093868,0.6666666666666666,0.4931506849315068,3.9784011840820312
0.5806451612412996,0.675,0.5094339622641509,6.970014572143555
0.5855263157405212,0.6846153846153846,0.5114942528735632,9.863113403320312
0.5916398713336835,0.6917293233082706,0.5168539325842697,1.7774038314819336
0.5962732918764861,0.6956521739130435,0.5217391304347826,1.3505868911743164
0.5914634145853083,0.697841726618705,0.5132275132275133,3.377443313598633
0.6069364161359334,0.7046979865771812,0.5329949238578681,1.8873329162597656
0.6239999999509248,0.7222222222222222,0.5492957746478874,5.417522430419922
0.6304909560232197,0.7261904761904762,0.5570776255707762,1.9671001434326172
0.6265664159910502,0.7267441860465116,0.5506607929515418,5.939375877380371
0.6256157634978184,0.7298850574712644,0.5474137931034483,2.1063194274902344
0.6128266032763322,0.7087912087912088,0.5397489539748954,3.954427719116211
0.6129032257572256,0.7,0.5450819672131147,3.1142501831054688
0.6122448979100189,0.703125,0.5421686746987951,2.6680526733398438
0.6017699114553654,0.6974358974358974,0.5291828793774319,5.348262786865234
0.6012793176483104,0.705,0.5241635687732342,5.946706771850586
0.59493670881185,0.698019801980198,0.5183823529411765,5.705833435058594
0.5939393938904226,0.6933962264150944,0.519434628975265,4.054211616516113
0.5976095617039603,0.6944444444444444,0.5244755244755245,0.8990535736083984
0.6015624999509888,0.7,0.5273972602739726,0.8760509490966797
0.5980952380462048,0.6946902654867256,0.5250836120401338,2.1100120544433594
0.5865209471278278,0.6909871244635193,0.509493670886076,9.226483345031738
0.5868055555066701,0.689795918367347,0.5105740181268882,6.868988037109375
0.5866209261946812,0.6895161290322581,0.5104477611940299,2.2674903869628906
0.5967213114264504,0.6973180076628352,0.5214899713467048,2.2200489044189453
0.6006493506003711,0.7007575757575758,0.5255681818181818,0.7569808959960938
0.6122448979101597,0.7116788321167883,0.5371900826446281,1.206660270690918
0.6068111454618946,0.7101449275362319,0.5297297297297298,4.71302604675293
0.6130500758235732,0.7163120567375887,0.5358090185676393,1.4547386169433594
0.6158357770771322,0.7191780821917808,0.5384615384615384,3.348905563354492
0.6120689654683152,0.7171717171717171,0.5338345864661654,6.41795539855957
0.6022099447025778,0.7124183006535948,0.5215311004784688,8.569899559020996
0.6002728512472744,0.7119741100323624,0.5188679245283019,2.9307403564453125
0.5960264900175523,0.7120253164556962,0.5125284738041003,10.87854290008545
0.5926892949905173,0.709375,0.5089686098654709,3.5074758529663086
0.591370558326913,0.7039274924471299,0.5098468271334792,3.894948959350586
0.5924999999512404,0.7032640949554896,0.5118790496760259,2.004387855529785
0.5955334987105272,0.7058823529411765,0.5150214592274678,0.3968820571899414
0.5963190183560843,0.7043478260869566,0.5170212765957447,1.7608213424682617
0.5978647686344448,0.7058823529411765,0.5185185185185185,6.620111465454102
0.5981308410726842,0.7071823204419889,0.5182186234817814,1.7192115783691406
0.5988439305870561,0.7095890410958904,0.518,0.9693212509155273
0.597254004527942,0.7111716621253406,0.514792899408284,5.291635513305664
0.6055865921300119,0.7188328912466844,0.5231660231660231,2.9438047409057617
0.6122004356810438,0.7242268041237113,0.530188679245283,2.0093650817871094
0.6111111110622945,0.7222222222222222,0.5296296296296297,4.466999053955078
0.6220391348635763,0.7312348668280871,0.5412186379928315,1.9055280685424805
0.6233502537581901,0.7309523809523809,0.5433628318584071,1.6579627990722656
0.6193806193317271,0.7276995305164319,0.5391304347826087,5.149352073669434
0.613746369747777,0.7188208616780045,0.535472972972973,7.299745559692383
0.6168224298575511,0.7189542483660131,0.5400981996726678,11.784341812133789
0.6149584487044346,0.7145922746781116,0.539708265802269,3.3085670471191406
0.6141304347335816,0.7136842105263158,0.5389507154213037,7.783293724060059
0.6119536127966794,0.7130977130977131,0.5359375,5.609387397766113
0.6100519930186256,0.7125506072874493,0.5333333333333333,9.972225189208984
0.6136752136262446,0.716566866267465,0.5366218236173393,3.946417808532715
0.6114333056676801,0.7137330754352031,0.5347826086956522,13.419031143188477
0.6106995884284036,0.7134615384615385,0.5338129496402878,3.5390491485595703
0.6117455138172622,0.7142857142857143,0.5349500713266762,0.7686967849731445
0.6074544012199105,0.7118959107806692,0.5297372060857538,11.164649963378906
0.6051602814208997,0.7049180327868853,0.5301369863013699,7.612752914428711
0.603395061679403,0.7032374100719424,0.5283783783783784,2.6982364654541016
0.6033434649965701,0.7014134275618374,0.5293333333333333,5.5673828125
0.6037453183030621,0.7033158813263525,0.5288713910761155,4.656822204589844
0.6030814379553839,0.7013651877133106,0.528957528957529,7.423473358154297
0.59870782478954,0.7008403361344537,0.5225563909774437,18.364648818969727
0.5995717344264453,0.7023411371237458,0.523038605230386,1.3348274230957031
0.598011363587476,0.7028380634390651,0.5203955500618047,4.174042701721191
0.5969529085384393,0.7054009819967266,0.517406962785114,14.337137222290039
0.5978260869077003,0.7062600321027287,0.5182567726737338,5.499149322509766
0.601049868717543,0.7078825347758887,0.5222348916761688,9.694271087646484
0.5998715477995271,0.7043740573152338,0.5223713646532439,13.191556930541992
0.6022727272237814,0.7045790251107829,0.525909592061742,4.386621475219727
0.5998763141130488,0.6998556998556998,0.5248917748917749,15.304315567016602
0.5991458205733068,0.6964539007092199,0.525695931477516,6.148199081420898
0.5974499088762855,0.693935119887165,0.5245202558635395,2.867739677429199
0.5968028418691822,0.6885245901639344,0.5266457680250783,16.62936019897461
0.6006944443953457,0.6938502673796791,0.5295918367346939,7.569746017456055
0.599078340964749,0.6933333333333334,0.5273833671399595,4.360622406005859
0.5986238531619561,0.6941489361702128,0.5262096774193549,3.864396095275879
0.5941946499225466,0.6923076923076923,0.5204386839481555,6.3656463623046875
0.5931818181328431,0.6923076923076923,0.5188866799204771,1.4860849380493164
0.5912945166271599,0.6927152317880795,0.5157790927021696,4.363849639892578
0.5886961387312114,0.6930171277997365,0.5116731517509727,10.70524787902832
0.5880398670608192,0.6950261780104712,0.5095969289827256,12.118978500366211
0.5870044052375323,0.6940104166666666,0.5085877862595419,4.080347061157227
0.5888104290657931,0.6957637997432606,0.5103578154425612,4.038207054138184
0.5888708805562637,0.6960408684546615,0.5102996254681648,2.490774154663086
0.5921192757764895,0.6976160602258469,0.5143385753931545,3.0773820877075195
0.5923970432457073,0.6951672862453532,0.516099356025759,4.487071990966797
0.5956340955851545,0.6970802919708029,0.5199637023593466,3.3597898483276367
0.595766649408962,0.6960193003618818,0.5207581227436823,3.9327354431152344
0.5942102589657466,0.693127962085308,0.52,10.239086151123047
0.5946491670383357,0.6929411764705883,0.5207780725022104,2.9514598846435547
0.5937654625932647,0.6920415224913494,0.5199306759098787,6.310796737670898
0.5939812530343909,0.6927502876869965,0.5198618307426598,2.6667919158935547
0.5944090239823925,0.6925714285714286,0.520618556701031,2.825526237487793
0.5955990219558887,0.693621867881549,0.5218508997429306,0.32457637786865234
0.598455598406605,0.6974128233970753,0.5240912933220625,2.8560218811035156
0.5984776402935768,0.699666295884316,0.5228595178719867,6.011238098144531
0.600566572189004,0.7019867549668874,0.5247524752475248,0.8942508697509766
0.6012212305757598,0.7032967032967034,0.5250205086136177,5.002863883972168
0.6070935052481111,0.7078410311493019,0.5314516129032258,2.7567481994628906
0.609132420042313,0.7088204038257173,0.5340272217774219,1.6780052185058594
0.6101083032001142,0.7115789473684211,0.5339652448657188,2.831003189086914
0.6116071428081504,0.7127991675338189,0.5355746677091477,4.373893737792969
0.6131322093564965,0.7138429752066116,0.5373250388802489,2.0185279846191406
0.6146427005209156,0.7153061224489796,0.5388162951575711,3.1109580993652344
0.6153846153356056,0.71617497456765,0.539463601532567,1.0375747680664062
0.6211020930735728,0.7219463753723933,0.5449775112443778,6.858039855957031
0.623737373688315,0.7229268292682927,0.5484826054774241,3.0878543853759766
0.6229645093454927,0.7207729468599033,0.5485294117647059,4.866338729858398
0.623140495818687,0.7208413001912046,0.5487627365356623,4.191791534423828
0.625203251983442,0.7234242709313264,0.5504652827487473,6.177669525146484
0.6266129031767135,0.7241379310344828,0.5522388059701493,2.794330596923828
0.6284569137785566,0.725925925925926,0.5540636042402827,0.9725933074951172
0.631202858227989,0.7286892758936755,0.5567226890756303,1.2814922332763672
0.632532493058414,0.73,0.5580264072272412,3.178208351135254
0.6339181286058753,0.7324324324324324,0.5587628865979382,3.094785690307617
0.6337864077179087,0.7331536388140162,0.5581395348837209,3.156747817993164
0.635312259010278,0.7344028520499108,0.5597826086956522,1.8744583129882812
0.6354206684103894,0.7351111111111112,0.5595399188092016,0.7803306579589844
0.6367440090798684,0.7367957746478874,0.5606162089752177,4.305463790893555
0.6376701966226365,0.7381786339754816,0.5612516644474035,1.2897911071777344
0.637931034433679,0.738074588031223,0.5617161716171617,4.992670059204102
0.6373790021847231,0.7372954349698536,0.5613114754098361,4.493782043457031
0.6381093057116224,0.7378309137489325,0.5621340273259596,3.0415077209472656
0.6383290582139944,0.7368866328257191,0.5630252100840336,4.3693695068359375
0.6372584760719304,0.7356902356902357,0.5620578778135048,2.8372745513916016
0.637418419095188,0.7349498327759197,0.5627400768245838,4.474714279174805
0.6395683452746076,0.7365368682684341,0.5651621106166561,0.4386024475097656
0.6406585539952294,0.7366255144032922,0.5668144395186827,1.0979156494140625
0.6405693949686511,0.7371007371007371,0.5663939584644431,4.61952018737793
0.6411618844708685,0.7375713121434393,0.5670426065162907,1.0907630920410156
0.6410346032364236,0.7377312952534192,0.5667490729295427,6.254049301147461
0.6405545926718244,0.7368421052631579,0.5665236051502146,3.005046844482422
0.640635798154023,0.7362986497220015,0.5669724770642202,2.0718746185302734
0.6441717790919167,0.73828125,0.5713422007255139,2.0246143341064453
0.6463414633654367,0.7401086113266098,0.5736620565243535,0.4452075958251953
0.6469202288299618,0.7403697996918336,0.5744172145845786,2.450593948364258
0.6467828417738417,0.7394636015325671,0.574746873138773,1.4210090637207031
0.6430228703518664,0.7365223993925588,0.5705882352941176,8.276422500610352
0.6446717254539326,0.7379154078549849,0.5723491505565319,0.43215179443359375
0.644991789770167,0.7377911344853494,0.572928821470245,1.4892101287841797
0.6460436339462353,0.7391952309985097,0.573742047426258,2.5768775939941406
0.6484047695286218,0.7418879056047197,0.5758443045220378,4.134908676147461
0.6482315112048217,0.7422680412371134,0.5753424657534246,0.86297607421875
0.6506024095893503,0.7445573294629898,0.5777027027027027,6.1799468994140625
0.6513240857011183,0.7458483754512636,0.5780637940682708,1.029550552368164
0.6535211267113589,0.7478510028653295,0.5803224013340745,0.3361377716064453
0.6550544322991605,0.7494661921708186,0.581767955801105,2.2107582092285156
0.656384947514009,0.7498238195912614,0.5836533187054306,2.7750587463378906
0.6559802712208125,0.7492957746478873,0.5833333333333334,0.5512199401855469
0.6567345697288287,0.7505211952744962,0.5837837837837838,4.831656455993652
0.656553398009026,0.7498267498267498,0.583917970858068,1.5284843444824219
0.6562406014545534,0.7508602890571232,0.5827991452991453,6.383565902709961
0.6572882370055605,0.7515400410677618,0.5840425531914893,0.7202812433242798
0.7272727272231404,0.6666666666666666,0.8,1.125467300415039
0.6399999999500801,0.6666666666666666,0.6153846153846154,3.6402149200439453
0.610169491475553,0.6428571428571429,0.5806451612903226,3.7179441452026367
0.6419753085921658,0.6842105263157895,0.6046511627906976,3.480950355529785
0.582524271795042,0.6382978723404256,0.5357142857142857,4.467649459838867
0.6178861788121884,0.6785714285714286,0.5671641791044776,1.1804695129394531
0.6106870228511159,0.6666666666666666,0.5633802816901409,2.7833023071289062
0.5882352940682644,0.6617647058823529,0.5294117647058824,3.967617988586426
0.5824175823681862,0.654320987654321,0.5247524752475248,5.3591413497924805
0.5999999999506049,0.6741573033707865,0.5405405405405406,2.709836006164551
0.6288209606492858,0.7058823529411765,0.5669291338582677,4.5152387619018555
0.6413502109210204,0.7169811320754716,0.5801526717557252,0.30498409271240234
0.6615969581255129,0.7435897435897436,0.5958904109589042,1.1238698959350586
0.6805555555060981,0.7596899224806202,0.6163522012578616,1.4406108856201172
0.6730769230275887,0.7608695652173914,0.603448275862069,4.317291259765625
0.681249999950633,0.7676056338028169,0.6123595505617978,0.36586666107177734
0.6827794561439783,0.7687074829931972,0.6141304347826086,1.6286230087280273
0.6842105262663435,0.7647058823529411,0.6190476190476191,1.52972412109375
0.6869806093687004,0.7560975609756098,0.6294416243654822,2.672557830810547
0.7007672633775106,0.7696629213483146,0.6431924882629108,3.0403547286987305
0.7061728394565048,0.7688172043010753,0.6529680365296804,2.0698671340942383
0.6999999999503278,0.7616580310880829,0.6475770925110133,3.063068389892578
0.700934579389606,0.7653061224489796,0.646551724137931,1.1199684143066406
0.701123595455893,0.7572815533980582,0.6527196652719666,1.7952594757080078
0.7017543859151585,0.7547169811320755,0.6557377049180327,1.3248119354248047
0.6969696969200005,0.755868544600939,0.6465863453815262,1.1757469177246094
0.7002096435561708,0.759090909090909,0.6498054474708171,2.3005619049072266
0.692307692258089,0.76,0.6356877323420075,3.595611572265625
0.6839999999503872,0.75,0.6286764705882353,1.9263286590576172
0.6846153845657759,0.7510548523206751,0.6289752650176679,2.24521541595459
0.6832061068206485,0.7521008403361344,0.6258741258741258,1.4066009521484375
0.6902985074130875,0.7581967213114754,0.6335616438356164,0.2660846710205078
0.6910420474824275,0.7620967741935484,0.6321070234113713,1.1847362518310547
0.6865148861151941,0.7686274509803922,0.620253164556962,4.601665496826172
0.6912751677358481,0.7773584905660378,0.622356495468278,3.172687530517578
0.6910299002828639,0.7790262172284644,0.6208955223880597,1.7628517150878906
0.6974522292499842,0.7849462365591398,0.6275071633237822,0.9143009185791016
0.7003154573638587,0.7872340425531915,0.6306818181818182,0.22318172454833984
0.7092846270433978,0.7925170068027211,0.6418732782369146,0.7892007827758789
0.7083333332838454,0.7880794701986755,0.6432432432432432,1.9781627655029297
0.712408759074595,0.7922077922077922,0.6472148541114059,0.7951202392578125
0.7096774193052802,0.7832817337461301,0.6487179487179487,2.7489986419677734
0.7041095889915298,0.7764350453172205,0.6441102756892231,3.796977996826172
0.6981627296092643,0.7732558139534884,0.6363636363636364,8.2924222946167
0.6967741934988307,0.7692307692307693,0.6367924528301887,1.0360546112060547
0.6942355889229337,0.7715877437325905,0.6309794988610479,3.5936670303344727
0.6938271604443396,0.771978021978022,0.6300448430493274,1.3359851837158203
0.6955475330431582,0.7727272727272727,0.6323851203501094,1.3856124877929688
0.6983372921120178,0.7757255936675461,0.6349892008639308,0.7468776702880859
0.6996466430600184,0.7754569190600522,0.6373390557939914,0.4072885513305664
0.6993006992511559,0.7731958762886598,0.6382978723404256,1.2030248641967773
0.7019122609178149,0.7741935483870968,0.6419753086419753,4.6956939697265625
0.7035398229592812,0.775609756097561,0.6437246963562753,1.0515384674072266
0.7074235807364466,0.7788461538461539,0.648,0.4062061309814453
0.7047413792607743,0.7767220902612827,0.6449704142011834,3.896167755126953
0.7102212855141716,0.7819025522041764,0.6505791505791506,0.6877708435058594
0.7147270854293077,0.7868480725623582,0.6547169811320754,1.3536491394042969
0.7132725430102211,0.7874720357941835,0.6518518518518519,2.14208984375
0.7207031249504036,0.7918454935622318,0.6612903225806451,1.5963640213012695
0.7213114753602382,0.7923728813559322,0.6619469026548672,1.469980239868164
0.7161904761409297,0.791578947368421,0.6539130434782608,2.9561643600463867
0.7137546467906525,0.7933884297520661,0.6486486486486487,3.551759719848633
0.713387241639608,0.7908366533864541,0.6497545008183306,5.964134216308594
0.7135231316230768,0.7909270216962525,0.6499189627228525,2.0795555114746094
0.7137870854653119,0.7911025145067698,0.6502384737678856,4.079352378845215
0.7130584191944828,0.7919847328244275,0.6484375,1.6377630233764648
0.7153526970458911,0.7908256880733945,0.6530303030303031,6.033912658691406
0.7177814028867958,0.7899461400359067,0.6576980568011959,1.7394256591796875
0.719810576114565,0.7902946273830156,0.6608695652173913,5.649102210998535
0.7171874999503693,0.7846153846153846,0.660431654676259,3.365377426147461
0.7198142414364306,0.7868020304568528,0.6633380884450785,0.2631187438964844
0.7250936329091471,0.7908496732026143,0.669432918395574,3.4829235076904297
0.7233727810154079,0.7861736334405145,0.6698630136986301,4.1485137939453125
0.7227505485970133,0.7878787878787878,0.6675675675675675,2.5113067626953125
0.7215007214510598,0.7861635220125787,0.6666666666666666,4.337684631347656
0.7202846974592554,0.7869362363919129,0.6640419947506562,4.2678680419921875
0.7168758716379372,0.7823439878234398,0.6615186615186616,6.258941650390625
0.7130197681848788,0.7817638266068759,0.6553884711779449,10.80759048461914
0.7132203389334452,0.7827380952380952,0.6550435865504358,1.1583976745605469
0.7107215104022012,0.7818991097922848,0.6514215080346106,1.5662641525268555
0.7089601045939593,0.7787356321839081,0.6506602641056423,5.157861709594727
0.7111681642636258,0.7813822284908322,0.6525323910482921,3.8673782348632812
0.7130434782112695,0.7830832196452933,0.6545039908779932,5.414054870605469
0.7090464547181577,0.7816711590296496,0.6487695749440716,9.77937126159668
0.7104945717236635,0.7842876165113183,0.649393605292172,2.393472671508789
0.7073459715144302,0.7814136125654451,0.6461038961038961,6.588771820068359
0.7057444313689736,0.7797927461139896,0.6445396145610278,3.4362363815307617
0.7067055393090412,0.7799227799227799,0.6460554371002132,0.9851207733154297
0.7042093287331014,0.7727840199750312,0.6468129571577848,11.770915985107422
0.7073170731211056,0.7742718446601942,0.6510204081632653,5.603168487548828
0.7069818581141799,0.7719087635054022,0.652129817444219,3.576251983642578
0.7060109289121028,0.7708830548926014,0.6512096774193549,2.3023853302001953
0.7052460789119614,0.7706855791962175,0.650049850448654,4.135257720947266
0.7048030220766499,0.7709563164108618,0.6491053677932406,0.44176578521728516
0.703862660894593,0.7717647058823529,0.6469428007889546,1.410731315612793
0.7013815089833711,0.7728337236533958,0.642023346303502,5.938097953796387
0.6982622432364145,0.7736289381563594,0.6362763915547025,9.605890274047852
0.6956977963828158,0.7727272727272727,0.6326335877862596,3.428783416748047
0.6953814218498479,0.7745664739884393,0.6308851224105462,4.982337951660156
0.6942148759835914,0.7741935483870968,0.6292134831460674,2.4143753051757812
0.6942317508438499,0.7744874715261959,0.6290471785383904,3.1506290435791016
0.694683544254305,0.7725225225225225,0.6310947562097516,0.9020214080810547
0.6969545680982818,0.7746947835738068,0.6333938294010889,2.5166807174682617
0.6971201588382886,0.7748344370860927,0.6335740072202166,3.0587711334228516
0.6969253293794709,0.7727272727272727,0.6346666666666667,5.150872230529785
0.6970431410071788,0.7714592274678111,0.6357206012378426,1.9024085998535156
0.6973434534608866,0.7704402515723271,0.6369150779896013,4.049160003662109
0.6984877126158531,0.7713987473903967,0.6381692573402418,0.48041725158691406
0.6995305163823569,0.7712215320910973,0.6400343642611683,1.4857959747314453
0.7003745317856356,0.7719298245614035,0.6409597257926307,0.2104482650756836
0.7041993538959684,0.7754065040650406,0.6449704142011834,0.5519237518310547
0.7057220707951157,0.7777777777777778,0.6458852867830424,2.2559165954589844
0.7063063062567285,0.7777777777777778,0.6468646864686468,1.179295539855957
0.7064096817074901,0.7786561264822134,0.6464315012305168,2.508565902709961
0.7086267605137994,0.7800387596899225,0.6491935483870968,1.8828887939453125
0.7097337406749827,0.7802303262955854,0.6509207365892714,0.8812150955200195
0.7100949093550853,0.782319391634981,0.6500789889415481,1.4179086685180664
0.7113578137847548,0.7836312323612418,0.6512900703674745,3.3112945556640625
0.7125265392285561,0.784845650140318,0.6524105754276828,1.5155134201049805
0.7120638923422005,0.7857142857142857,0.6510376633358954,2.7974958419799805
0.7124895221633493,0.786308973172988,0.6513409961685823,0.2583580017089844
0.7129363449196569,0.7883742052679382,0.6506746626686657,10.631969451904297
0.7145174370956323,0.7901345291479821,0.6521095484826055,1.7504215240478516
0.7146881287230831,0.7893333333333333,0.6529411764705882,3.3883838653564453
0.714798563971204,0.7908208296557812,0.6521106259097526,2.6250085830688477
0.7119309261671066,0.788010425716768,0.6492483894058697,4.549028396606445
0.7123394316359354,0.7874354561101549,0.650319829424307,3.162130355834961
0.7138437741190453,0.7882152006831767,0.6522968197879858,0.9399394989013672
0.7161438408073528,0.7892074198988196,0.6554621848739496,2.3923912048339844
0.7167235494384722,0.7888146911519198,0.6567060458651841,2.182596206665039
0.7181988742468578,0.7909090909090909,0.6577319587628866,1.3362159729003906
0.717164179054892,0.7889983579638752,0.6573187414500684,3.2028350830078125
0.716827279416687,0.7887438825448614,0.6569293478260869,6.966911315917969
0.7166051660020726,0.7881493506493507,0.6569688768606224,1.127619743347168
0.7189781021401841,0.7898957497995188,0.6597454789015406,1.7934951782226562
0.7203482045205862,0.7912350597609562,0.6611185086551264,0.453887939453125
0.7196833392811023,0.7911392405063291,0.6600660066006601,3.769460678100586
0.7191413237429026,0.7913385826771654,0.659016393442623,4.564456939697266
0.7199148029323117,0.7921875,0.6597267404033832,2.404132843017578
0.7198306280379296,0.7925407925407926,0.6593406593406593,3.220534324645996
0.7183988763549175,0.7911832946635731,0.6578778135048231,5.435443878173828
0.7190775680845909,0.7915384615384615,0.6587708066581306,1.2909374237060547
0.7207769683860734,0.7931297709923664,0.6605212968849332,0.45218467712402344
0.721934369553176,0.7940729483282675,0.661811272957568,1.3549156188964844
0.7229660143685394,0.7953172205438066,0.6626809314033983,3.107339859008789
0.72341880336922,0.7960872836719338,0.6629072681704261,0.4119091033935547
0.7231600269592058,0.796875,0.6619283065512979,3.1924819946289062
0.7242881071531106,0.7983751846381093,0.6627835683629675,1.0920276641845703
0.7243568325598503,0.7982326951399117,0.6629969418960244,0.49985504150390625
0.7262532981034486,0.7989840348330914,0.6656590084643289,1.8234539031982422
0.7278688524094259,0.8002883922134102,0.6674684305472038,0.28159618377685547
0.7289902279634334,0.8010021474588404,0.6688583383144052,0.9595298767089844
0.7291599091297685,0.8005698005698005,0.669446098868374,1.2092857360839844
0.7286722257361692,0.8011283497884344,0.668235294117647,4.014026641845703
0.7296520905983434,0.8015427769985974,0.6695957820738138,0.5543251037597656
0.7302192563850983,0.801814375436148,0.6703617269544924,1.6522293090820312
0.7302486622103849,0.8011049723756906,0.6709080393290919,3.626667022705078
0.7326486149519387,0.8028649386084584,0.6737263880938752,1.135416030883789
0.7330850402979932,0.8034013605442177,0.6740867579908676,0.207672119140625
0.7347812786288698,0.8044206296048225,0.6762387387387387,6.132819175720215
0.7351778655630237,0.8049267643142477,0.676552881925014,0.814910888671875
0.736492604840198,0.8058124174372523,0.6781545302946081,0.6666183471679688
0.7374737473251083,0.8069599474720945,0.6790055248618785,0.9895992279052734
0.7383149746452146,0.8072916666666666,0.68019747668678,1.6357479095458984
0.7380952380456053,0.8072916666666666,0.6798245614035088,0.4739952087402344
0.7387599176700399,0.8094011590470058,0.6794594594594595,3.577874183654785
0.7386330301645186,0.8091259640102828,0.6794387479762547,0.7435150146484375
0.736903375969028,0.809462915601023,0.6762820512820513,5.272641181945801
0.7373913042982299,0.8101910828025478,0.676595744680851,0.5709031224250793
0.7272727272231404,0.6666666666666666,0.8,1.2817134857177734
0.6399999999500801,0.6666666666666666,0.6153846153846154,1.6709585189819336
0.6315789473188057,0.6923076923076923,0.5806451612903226,1.997915267944336
0.6923076922582182,0.7714285714285715,0.627906976744186,1.2562732696533203
0.6262626262134885,0.7209302325581395,0.5535714285714286,3.3959522247314453
0.6833333332840139,0.7735849056603774,0.6119402985074627,0.46243858337402344
0.6821705425861667,0.7586206896551724,0.6197183098591549,1.5343084335327148
0.7096774193053069,0.7857142857142857,0.6470588235294118,1.1922531127929688
0.7340425531417667,0.7931034482758621,0.6831683168316832,2.55214786529541
0.7499999999502265,0.8041237113402062,0.7027027027027027,0.6476430892944336
0.7647058823031672,0.8198198198198198,0.7165354330708661,2.1926403045654297
0.7723577235274472,0.8260869565217391,0.7251908396946565,0.10756492614746094
0.7720588234796821,0.8333333333333334,0.7191780821917808,1.1967887878417969
0.7770270269773031,0.8394160583941606,0.7232704402515723,1.0191001892089844
0.7788161993273007,0.8503401360544217,0.7183908045977011,2.208968162536621
0.7841945288257167,0.8543046357615894,0.7247191011235955,0.15414810180664062
0.7846607669120178,0.8580645161290322,0.7228260869565217,0.7638330459594727
0.7908309455090845,0.8625,0.7301587301587301,0.1550426483154297
0.7978142076005658,0.863905325443787,0.7411167512690355,0.5464744567871094
0.80303030298059,0.8688524590163934,0.7464788732394366,2.8846683502197266
0.8068459657204224,0.868421052631579,0.7534246575342466,0.3414192199707031
0.803782505860434,0.8673469387755102,0.748898678414097,2.0326967239379883
0.8083140877100715,0.8706467661691543,0.7543103448275862,0.2804241180419922
0.8080357142359385,0.8660287081339713,0.7573221757322176,0.9546451568603516
0.8061002178151233,0.8604651162790697,0.7581967213114754,0.9391403198242188
0.8102345415280163,0.8636363636363636,0.7630522088353414,0.2843942642211914
0.804123711290385,0.8552631578947368,0.7587548638132295,2.588418960571289
0.8078431372050525,0.8547717842323651,0.7657992565055762,1.9063224792480469
0.8085106382480087,0.8530612244897959,0.7683823529411765,0.9720516204833984
0.811111111061227,0.8521400778210116,0.773851590106007,1.4315185546875
0.8131868131369265,0.8538461538461538,0.7762237762237763,0.07903289794921875
0.8150807898962574,0.8566037735849057,0.7773972602739726,0.2538318634033203
0.816112084013159,0.8566176470588235,0.7792642140468228,0.7538375854492188
0.8127090300504961,0.8617021276595744,0.7689873417721519,1.9367284774780273
0.8141025640527495,0.8668941979522184,0.7673716012084593,2.665142059326172
0.8114104595381467,0.8648648648648649,0.764179104477612,0.9948339462280273
0.8097412480476073,0.8636363636363636,0.7621776504297995,1.1399364471435547
0.8114630467073556,0.864951768488746,0.7642045454545454,0.08056068420410156
0.8128654970262119,0.8660436137071651,0.7658402203856749,0.5892353057861328
0.8137535816120721,0.8658536585365854,0.7675675675675676,0.6374549865722656
0.8174157302872526,0.8686567164179104,0.7718832891246684,0.29613208770751953
0.8179347825588743,0.869942196531792,0.7717948717948718,0.8180484771728516
0.8138297871842296,0.8668555240793201,0.7669172932330827,3.754436492919922
0.8015364916275847,0.8622589531680441,0.7488038277511961,3.211026191711426
0.803030302980553,0.8641304347826086,0.75,0.5725841522216797
0.8014705881855828,0.8673740053050398,0.744874715261959,1.6398229598999023
0.8033775632796012,0.8694516971279374,0.7466367713004485,0.17858600616455078
0.8009422849915181,0.8673469387755102,0.7439824945295405,2.291219711303711
0.8023255813456435,0.8690176322418136,0.7451403887688985,0.5317983627319336
0.8027681660402464,0.8678304239401496,0.7467811158798283,0.41817188262939453
0.8004561002923333,0.8624078624078624,0.7468085106382979,1.7363777160644531
0.8030803079810432,0.8628841607565012,0.7510288065843621,2.620058059692383
0.8043243242745562,0.8631090487238979,0.7530364372469636,0.7209148406982422
0.8068303094486252,0.8649885583524027,0.756,0.20051288604736328
0.805467928446539,0.8626126126126126,0.7554240631163708,2.890395164489746
0.8098663925504153,0.865934065934066,0.7606177606177607,0.1435565948486328
0.811623246443179,0.8653846153846154,0.7641509433962265,1.09906005859375
0.8106508875241762,0.8670886075949367,0.7611111111111111,1.255838394165039
0.8152380951882927,0.8699186991869918,0.7670250896057348,1.2077856063842773
0.8165569143434254,0.8714859437751004,0.768141592920354,0.6216297149658203
0.8166666666168767,0.8732673267326733,0.7669565217391304,1.3570938110351562
0.8165467625401377,0.8730769230769231,0.7668918918918919,2.644512176513672
0.8188153309606607,0.8752327746741154,0.7692307692307693,3.275371551513672
0.8162208800192343,0.8726937269372693,0.766612641815235,1.5068511962890625
0.8152542372383541,0.8729582577132486,0.7647058823529411,1.809372901916504
0.8146911518701007,0.8745519713261649,0.7625,1.0892047882080078
0.8145748987356619,0.8747826086956522,0.7621212121212121,3.649923324584961
0.8153477217727837,0.8762886597938144,0.7623318385650224,1.2423524856567383
0.8173374612505416,0.8770764119601329,0.7652173913043478,3.2036848068237305
0.8165771296509137,0.875,0.7654676258992805,2.1065378189086914
0.8176291792815205,0.8747967479674796,0.7674750356633381,0.7144241333007812
0.8191176470090235,0.8744113029827315,0.7704011065006916,4.053594589233398
0.816593886413078,0.8711180124223602,0.7684931506849315,3.208127975463867
0.8155061018884578,0.8698315467075038,0.7675675675675676,1.0543708801269531
0.8149717513626052,0.8663663663663663,0.7693333333333333,3.2016754150390625
0.8139372821801575,0.8677563150074294,0.7664041994750657,2.0484886169433594
0.8114754097862545,0.8646288209606987,0.7644787644787645,4.175762176513672
0.8096192384271725,0.8669527896995708,0.7593984962406015,4.880105972290039
0.8087649401892643,0.8662873399715505,0.7584059775840598,0.8612060546875
0.8089591567354607,0.8660084626234132,0.7589616810877626,0.43280982971191406
0.8079385402831283,0.8655692729766804,0.7575030012004802,2.0232276916503906
0.8090452260808749,0.8667563930013459,0.7585394581861012,2.040231704711914
0.8102189780524136,0.8683181225554107,0.7594070695553021,2.8809852600097656
0.810746268606944,0.8693982074263764,0.7595078299776287,4.85797119140625
0.8108426634741033,0.8708860759493671,0.7585446527012127,2.210897445678711
0.8113425925428338,0.8718905472636815,0.7586580086580087,3.114297866821289
0.8075601374072888,0.8682266009852216,0.7548179871520343,2.7442569732666016
0.8084378562786342,0.8688725490196079,0.755863539445629,0.21972274780273438
0.804891606398231,0.8598574821852731,0.7565308254963428,10.11041259765625
0.8078175895267524,0.8631090487238979,0.7591836734693878,2.1030330657958984
0.8075471697615196,0.8619102416570771,0.7596348884381339,1.479182243347168
0.8070739549341227,0.8615560640732265,0.7590725806451613,1.5055952072143555
0.8053050397380044,0.8605442176870748,0.7567298105682951,2.8120670318603516
0.8048651506641128,0.8598870056497175,0.7564612326043738,0.44039058685302734
0.8065023596775217,0.8611422172452408,0.7583826429980276,1.4083442687988281
0.8049792530622536,0.8622222222222222,0.754863813229572,2.576536178588867
0.8028747432767324,0.8631346578366446,0.7504798464491362,8.981853485107422
0.801635991770297,0.8634361233480177,0.7480916030534351,3.227933883666992
0.8022199797686218,0.8641304347826086,0.748587570621469,4.713590621948242
0.8022088352916267,0.8647186147186147,0.74812734082397,1.6278133392333984
0.8029776674440626,0.8661670235546038,0.7483811285846439,1.2753067016601562
0.804144055204333,0.8670212765957447,0.749770009199632,0.17993927001953125
0.8058394160086569,0.8688352570828961,0.7513611615245009,2.5879430770874023
0.8058111379647951,0.8693834900731452,0.7509025270758123,1.7648181915283203
0.8059132092969519,0.8693415637860082,0.7511111111111111,1.7529354095458984
0.8070175438099123,0.8701431492842536,0.7524314765694076,0.3909893035888672
0.8078175895268209,0.8723618090452261,0.7521663778162911,1.5503120422363281
0.8085303661996922,0.8728728728728729,0.7530224525043178,0.2622566223144531
0.8088438507102799,0.871896722939424,0.7542955326460481,1.1618938446044922
0.8089990816766109,0.8714144411473789,0.7549271636675235,0.25609683990478516
0.8112267994070204,0.8732943469785575,0.757396449704142,0.6007556915283203
0.8106904231128407,0.8733205374280231,0.7564422277639236,2.178384780883789
0.8107869141854465,0.8733333333333333,0.7566006600660066,0.9902801513671875
0.8110720561892693,0.8732261116367077,0.7571780147662018,2.5910348892211914
0.8113940439726902,0.872794800371402,0.7580645161290323,1.8237667083740234
0.8124999999502405,0.8730450781968722,0.7598078462770216,0.6230382919311523
0.8106734434064249,0.873972602739726,0.7559241706161137,1.8750085830688477
0.8102220359787441,0.8727436823104693,0.7560594214229867,2.5008010864257812
0.8099999999502568,0.8725314183123878,0.7558320373250389,1.7186899185180664
0.8100535640211294,0.8730017761989343,0.7555726364335127,1.5423355102539062
0.8106776180200735,0.8734513274336283,0.7563218390804598,0.1663665771484375
0.8117457762978143,0.8758680555555556,0.7563718140929535,9.89394760131836
0.8116057233207026,0.8763948497854077,0.7557364914877869,2.3027381896972656
0.8121546960828661,0.8764906303236797,0.7566176470588235,1.8661994934082031
0.811888932292868,0.8774302620456467,0.7554585152838428,0.8015661239624023
0.810477657885576,0.8773978315262719,0.753042233357194,4.732904434204102
0.8103975534671058,0.8767576509511993,0.7533759772565742,1.35272216796875
0.8115501519259668,0.8775677896466721,0.7547703180212014,0.16830062866210938
0.8133935289194272,0.8788617886178862,0.7570028011204482,0.9786434173583984
0.8134328357711684,0.878323932312651,0.7574704656011119,1.1646957397460938
0.8143226282263919,0.879585326953748,0.7580756013745704,1.0063486099243164
0.8130738155947822,0.8778747026169706,0.7571819425444597,2.5306568145751953
0.8137076193450917,0.8780487804878049,0.7581521739130435,1.497659683227539
0.8137931033985422,0.8778386844166014,0.7584573748308525,0.3303403854370117
0.8150807898964005,0.878482972136223,0.7602143335565975,0.7777986526489258
0.8158458243613946,0.8792307692307693,0.7609853528628495,0.13346099853515625
0.814578910070572,0.8779557589626239,0.7597359735973598,3.106477737426758
0.8136427566309936,0.8771796815769523,0.7586885245901639,2.381082534790039
0.8139616055349083,0.8780120481927711,0.7586206896551724,1.5656585693359375
0.8141470179807784,0.8780852655198205,0.7588881706528765,1.615142822265625
0.8139454607718097,0.8785394932935916,0.7581993569131833,2.9079055786132812
0.814280810111608,0.8778682457438934,0.7592829705505761,1.0129547119140625
0.8152692569373094,0.878765613519471,0.7603305785123967,0.1318035125732422
0.815619694347545,0.8792093704245973,0.7606079797340088,1.3514823913574219
0.8160647991402734,0.8799126637554585,0.7608558842039018,1.4657306671142578
0.8161344537317786,0.8803480783176215,0.7606516290726817,0.21309471130371094
0.8151344174743362,0.8802867383512545,0.7589616810877626,2.1966781616210938
0.8151565073637889,0.8810541310541311,0.7584304107909258,0.7850742340087891
0.8156424580508368,0.8813920454545454,0.7590214067278287,0.19375228881835938
0.8170019467380689,0.8816526610644257,0.7611850060459492,1.573171615600586
0.818064516079298,0.8823938761308281,0.7624774503908599,0.1651449203491211
0.8180653426792772,0.8812974465148378,0.7632994620442319,1.10943603515625
0.8187619654895024,0.881786941580756,0.764145324597975,0.39695167541503906
0.818927444745216,0.8829931972789116,0.7635294117647059,2.4197187423706055
0.8182103610177623,0.881596752368065,0.7633274751025191,2.256683349609375
0.8174999999502537,0.8802153432032301,0.7631271878646441,1.247915267944336
0.8175905852707842,0.88,0.763447079236553,1.624227523803711
0.8193508878865572,0.8808426596445029,0.7658843732112193,0.889495849609375
0.8195419846830689,0.8811556139198949,0.7659817351598174,0.1646575927734375
0.8195239529481373,0.881399870382372,0.7657657657657657,3.0691423416137695
0.8196524864691235,0.8820116054158608,0.7655288192501399,0.2776165008544922
0.8205891103340629,0.882842509603073,0.7665369649805448,0.21063613891601562
0.8217558379638429,0.8836617927527018,0.7679558011049724,0.204437255859375
0.8224244202613703,0.884469696969697,0.7685134393856281,0.8207578659057617
0.8225286007129328,0.8845425867507887,0.768640350877193,0.1564807891845703
0.8228141284968662,0.8859102244389028,0.7681081081081081,1.5070648193359375
0.8225433525514089,0.8855009334163036,0.7679438747976255,0.8289031982421875
0.8212034383456802,0.8856613102595797,0.7654914529914529,2.802824020385742
0.8216833095080394,0.8861538461538462,0.7659574468085106,0.3351200819015503
0.8888888888395062,1.0,0.8,3.0010299682617188
0.7272727272243802,0.8888888888888888,0.6153846153846154,0.9357175827026367
0.7407407406918382,0.8695652173913043,0.6451612903225806,0.8573246002197266
0.7631578946877078,0.8787878787878788,0.6744186046511628,0.7927455902099609
0.687499999951389,0.825,0.5892857142857143,2.4525976181030273
0.7179487178997737,0.84,0.6268656716417911,0.5955963134765625
0.7142857142365204,0.8181818181818182,0.6338028169014085,1.3835926055908203
0.74025974021028,0.8260869565217391,0.6705882352941176,1.8971490859985352
0.7526881719933807,0.8235294117647058,0.693069306930693,3.279886245727539
0.7647058823033305,0.8387096774193549,0.7027027027027027,0.6440925598144531
0.7777777777281429,0.8504672897196262,0.7165354330708661,1.9094467163085938
0.7851239668924903,0.8558558558558559,0.7251908396946565,0.05300331115722656
0.7955390334076146,0.8699186991869918,0.7328767123287672,0.24997615814208984
0.801369862964095,0.8796992481203008,0.7358490566037735,0.7283134460449219
0.8087774294174979,0.8896551724137931,0.7413793103448276,1.2787799835205078
0.8098159508706689,0.8918918918918919,0.7415730337078652,0.3367881774902344
0.8106508875243584,0.8896103896103896,0.7445652173913043,0.5344734191894531
0.81609195397336,0.8930817610062893,0.7513227513227513,0.1779193878173828
0.8241758241261636,0.8982035928143712,0.7614213197969543,0.3564777374267578
0.829516539390556,0.9055555555555556,0.7652582159624414,1.8904552459716797
0.8345679011848999,0.9086021505376344,0.771689497716895,0.14304447174072266
0.8285714285217562,0.9015544041450777,0.7665198237885462,1.520737648010254
0.8325581394851964,0.9040404040404041,0.771551724137931,0.2158355712890625
0.8352144469029079,0.9068627450980392,0.7740585774058577,0.1876964569091797
0.837004405236624,0.9047619047619048,0.7786885245901639,0.46437549591064453
0.8405172413295788,0.9069767441860465,0.7831325301204819,0.2173442840576172
0.8333333332835842,0.8968609865470852,0.7782101167315175,1.8088569641113281
0.8373015872518149,0.8978723404255319,0.7843866171003717,1.2709712982177734
0.8375733854687994,0.895397489539749,0.7867647058823529,1.0842018127441406
0.8373831775202614,0.8888888888888888,0.7915194346289752,1.4928321838378906
0.8391866912625486,0.8901960784313725,0.7937062937062938,0.15560245513916016
0.8426763109808985,0.89272030651341,0.797945205479452,0.020895004272460938
0.8415492957247873,0.8884758364312267,0.7993311036789298,1.0357856750488281
0.8369747898661598,0.8924731182795699,0.7879746835443038,0.7322072982788086
0.8397435896937752,0.89419795221843,0.7915407854984894,1.4614830017089844
0.8386075948868896,0.8922558922558923,0.7910447761194029,0.5246858596801758
0.8376327768849247,0.8903225806451613,0.7908309455587392,0.8457603454589844
0.8390977443110742,0.8913738019169329,0.7926136363636364,0.04546546936035156
0.8425655976178085,0.8947368421052632,0.7961432506887053,0.3598203659057617
0.8445078458845343,0.8942598187311178,0.8,0.5370054244995117
0.8475524475025963,0.8964497041420119,0.8037135278514589,0.13975238800048828
0.8482384823349858,0.8994252873563219,0.8025641025641026,0.32775306701660156
0.8461538461040163,0.8985915492957747,0.7994987468671679,3.067197799682617
0.8418367346440975,0.9016393442622951,0.7894736842105263,0.7280178070068359
0.8402515722772663,0.9002695417789758,0.7877358490566038,0.3870582580566406
0.8361858190211736,0.9023746701846965,0.7790432801822323,2.3743982315063477
0.8361445782635321,0.9036458333333334,0.7780269058295964,0.9745121002197266
0.8390129259197218,0.9060913705583756,0.7811816192560175,0.24689292907714844
0.8399071925256817,0.9072681704260651,0.7818574514038877,0.6459827423095703
0.8410138248350644,0.9079601990049752,0.7832618025751072,0.02219390869140625
0.83922462936873,0.9041769041769042,0.7829787234042553,1.0575523376464844
0.8423373759149757,0.9073634204275535,0.7860082304526749,0.7575244903564453
0.8438177873689113,0.9088785046728972,0.7874493927125507,0.17565155029296875
0.8458244110851534,0.9101382488479263,0.79,0.30092334747314453
0.8412197686147831,0.9009009009009009,0.7889546351084813,2.3733654022216797
0.8448098663428099,0.9032967032967033,0.7934362934362934,0.23087692260742188
0.8436873746996919,0.8995726495726496,0.7943396226415095,1.4374885559082031
0.8444881889265764,0.9012605042016807,0.7944444444444444,0.36966705322265625
0.8471035137203595,0.901010101010101,0.7992831541218638,0.8272151947021484
0.8483146066917415,0.9005964214711729,0.8017699115044248,0.8255825042724609
0.8468634685848716,0.9017681728880157,0.7982608695652174,0.9269561767578125
0.8484304932237341,0.904397705544933,0.7989864864864865,0.5439586639404297
0.850694444394629,0.9057301293900185,0.8019639934533551,1.1543502807617188
0.8487972508092874,0.903107861060329,0.8006482982171799,0.8890762329101562
0.846543001636525,0.9012567324955116,0.7980922098569158,1.623708724975586
0.8421926909800996,0.898936170212766,0.7921875,1.0452051162719727
0.8447304906983817,0.9005145797598628,0.7954545454545454,1.5418529510498047
0.8444444443946361,0.9001692047377327,0.7952167414050823,1.3461685180664062
0.8424289007956878,0.8968903436988543,0.7942028985507247,5.022587776184082
0.841864018284798,0.8973941368078175,0.7928057553956834,1.446171760559082
0.8426626323253722,0.8969404186795491,0.7945791726105563,0.3589363098144531
0.8451944240147489,0.9,0.7966804979253111,1.120976448059082
0.8447024672941539,0.8981481481481481,0.7972602739726027,1.2633552551269531
0.845272206253906,0.899390243902439,0.7972972972972973,0.3970832824707031
0.8440366971978779,0.896551724137931,0.7973333333333333,2.2982234954833984
0.8450312716666443,0.8980797636632201,0.7979002624671916,1.1322669982910156
0.8435374149161498,0.8946608946608947,0.797940797940798,2.9339981079101562
0.8421750662631676,0.8943661971830986,0.7957393483709273,2.0577774047851562
0.8432147562084025,0.8951048951048951,0.797011207970112,0.26114654541015625
0.8431372548521261,0.8945908460471568,0.7972805933250927,0.3787956237792969
0.8439086293917875,0.8950201884253028,0.7983193277310925,1.3340911865234375
0.8438083384691398,0.8944591029023746,0.7985865724381626,1.029855728149414
0.8426763109809053,0.8938618925831202,0.7970353477765109,2.369487762451172
0.842789598058908,0.893483709273183,0.7975391498881432,3.898042678833008
0.843148687996814,0.8948019801980198,0.7971334068357222,1.4039859771728516
0.8425872924515981,0.8942891859052248,0.7965367965367965,2.3052921295166016
0.8419263455592354,0.8941034897713598,0.7955032119914347,1.8313970565795898
0.8426395938587982,0.8946107784431138,0.7963752665245203,0.24287986755371094
0.8428019856092837,0.8925233644859814,0.7983281086729362,4.814666748046875
0.8453276046762395,0.8922902494331065,0.8030612244897959,2.8808536529541016
0.8447999999501338,0.890888638920135,0.8032454361054767,1.8493995666503906
0.8441145280519378,0.8903803131991052,0.8024193548387096,1.1614360809326172
0.8436516263929498,0.8903654485049833,0.8015952143569293,0.8625164031982422
0.8432601880379054,0.8887665198237885,0.8021868787276342,0.8760881423950195
0.8445595854423568,0.8897379912663755,0.8037475345167653,0.564723014831543
0.8461931527350028,0.891280947255113,0.8054474708171206,0.8675365447998047
0.8466195761358034,0.8925531914893617,0.8051823416506718,1.120107650756836
0.8458061275242225,0.8928950159066809,0.8034351145038168,1.4094505310058594
0.8458106097667,0.8931937172774869,0.803201506591337,1.8592853546142578
0.846153846103988,0.89375,0.8033707865168539,0.4896278381347656
0.8469785574550169,0.8949536560247168,0.8038852913968547,0.5692777633666992
0.8478682170044057,0.8955987717502559,0.8049678012879485,0.3541145324707031
0.8489483747111376,0.896969696969697,0.8058076225045372,1.6255617141723633
0.8494061757221105,0.8966900702106319,0.8068592057761733,0.34717750549316406
0.8488535329403128,0.8962450592885376,0.8062222222222222,2.5428905487060547
0.8496975336867599,0.8968565815324165,0.8072502210433244,0.73095703125
0.849703060708485,0.8985507246376812,0.8058925476603119,0.7729568481445312
0.8502503413247485,0.8989412897016362,0.8065630397236615,0.07234954833984375
0.850293984572483,0.897803247373448,0.8075601374570447,0.7596664428710938
0.8506991429361564,0.8980952380952381,0.8080548414738646,0.024074554443359375
0.8523131672099242,0.8995305164319248,0.8098055790363483,0.32137203216552734
0.8523872097617964,0.9009259259259259,0.8088113050706567,0.6539936065673828
0.8509343763082481,0.898989898989899,0.8077557755775577,1.677042007446289
0.8509719221963614,0.8987226277372263,0.8080393765381461,1.4852533340454102
0.8519304199755923,0.8988361683079678,0.8096774193548387,1.1937522888183594
0.8530526315290816,0.8996447602131439,0.811048839071257,0.30644702911376953
0.8522679982855581,0.9006156552330695,0.8088467614533965,0.2418041229248047
0.8526748970694803,0.9000868809730669,0.8100078186082877,2.116680145263672
0.8527004909485004,0.8998272884283247,0.8102643856920684,1.083998680114746
0.852750809011627,0.9000853970964987,0.8101460415065335,2.5811023712158203
0.8532258064017503,0.9004255319148936,0.810727969348659,0.06587791442871094
0.8544378697726229,0.9017485428809325,0.8118440779610195,3.7398223876953125
0.8554733151040145,0.9029605263157895,0.8127313101406366,1.3116264343261719
0.85647969047238,0.9036734693877551,0.8139705882352941,0.5292434692382812
0.8558282208090399,0.9043760129659644,0.8122270742358079,0.24489974975585938
0.8554171384929962,0.9049520766773163,0.8110236220472441,2.955810546875
0.8560719639681408,0.9056304520222046,0.8116560056858564,0.4326744079589844
0.856929955240759,0.9062253743104807,0.8127208480565371,0.1469707489013672
0.8583025829759754,0.907176287051482,0.8144257703081232,0.13683700561523438
0.8590259977531474,0.9078947368421053,0.8151494093120223,0.474273681640625
0.860246198357095,0.9089517980107116,0.8164948453608247,0.4991130828857422
0.8587896253103725,0.9071537290715372,0.8153214774281806,3.0516233444213867
0.8594923131428446,0.9071698113207547,0.8165760869565217,1.0691699981689453
0.859380562427887,0.9068369646882044,0.8166441136671178,0.43461132049560547
0.8587530820212858,0.9056463595839525,0.8164768921634293,3.0643014907836914
0.8592436974291259,0.9062038404726735,0.8169107856191744,0.3556327819824219
0.8584316446413186,0.9049012435991222,0.8165016501650165,1.941084861755371
0.8590141330076982,0.9055232558139535,0.8170491803278689,0.4357757568359375
0.8590006844128322,0.9061371841155235,0.8165256994144438,0.5012054443359375
0.8588915334421449,0.906025824964132,0.8164188752424046,2.20058536529541
0.8588832486811021,0.9064285714285715,0.8160771704180064,0.6698341369628906
0.8589700437064436,0.9056068133427964,0.8169014084507042,1.0345001220703125
0.8596256683993304,0.9062720225510923,0.817546090273363,0.14064979553222656
0.8601864180593192,0.9066666666666666,0.818239392020266,1.0646286010742188
0.8596026489567594,0.907058001397624,0.81686595342983,2.752391815185547
0.8591224017977162,0.9073170731707317,0.8157894736842105,0.3703498840332031
0.8589116975715231,0.9083390764989663,0.8145859085290482,2.2961978912353516
0.8589909443227255,0.9089664613278576,0.8142244022072348,1.4112815856933594
0.8583414004019109,0.9084699453551912,0.8134556574923547,1.3050365447998047
0.8591459527863481,0.9083557951482479,0.814993954050786,1.206106185913086
0.8599493028652275,0.9089082384460817,0.8159951894167168,0.14495086669921875
0.860201511285156,0.9088489687292083,0.8164973102211596,0.8939399719238281
0.8598306678711187,0.9079470198675497,0.8165574746873139,0.9530563354492188
0.8593556381161891,0.9077225130890052,0.8158823529411765,3.480558395385742
0.8593460826151622,0.9074918566775244,0.8160515524311658,1.1565399169921875
0.8593366092867488,0.9072632944228275,0.8162193698949824,1.3595542907714844
0.859403530077952,0.9068721901091843,0.816657027183343,1.654789924621582
0.860668070970295,0.9073604060913706,0.8185460789925587,1.0953102111816406
0.8607442976692209,0.9075949367088607,0.8184931506849316,0.11617279052734375
0.8613744075330743,0.90875,0.8186936936936937,2.0290470123291016
0.8606774668131729,0.9085820895522388,0.8175713486289872,0.9315776824951172
0.8610704883970515,0.908641975308642,0.8182323513062812,0.6790237426757812
0.8619587328766102,0.9092581238503985,0.8193370165745857,0.19919776916503906
0.8617604617105981,0.9092570036540804,0.8189797037849699,1.1092338562011719
0.8618402076224755,0.9093122337188071,0.819078947368421,0.37258148193359375
0.8607234405653542,0.909692956050572,0.8167567567567567,2.021024703979492
0.8609610462964623,0.9098557692307693,0.8170534268753373,0.045909881591796875
0.8624472573341075,0.910873440285205,0.8189102564102564,0.7973670959472656
0.8625035003701904,0.9107037256061502,0.8191489361702128,0.3226451873779297
0.7999999999500002,0.8,0.8,1.0655593872070312
0.5833333332836805,0.6363636363636364,0.5384615384615384,1.6586894989013672
0.6666666666177641,0.782608695652174,0.5806451612903226,0.8485307693481445
0.7532467531974363,0.8529411764705882,0.6744186046511628,0.10463619232177734
0.6804123710852163,0.8048780487804879,0.5892857142857143,2.0764026641845703
0.7118644067305803,0.8235294117647058,0.6268656716417911,0.29645347595214844
0.7244094487695951,0.8214285714285714,0.647887323943662,0.6314029693603516
0.753246753197293,0.8405797101449275,0.6823529411764706,0.5639896392822266
0.7700534758861507,0.8372093023255814,0.7128712871287128,2.503676414489746
0.7864077669405929,0.8526315789473684,0.7297297297297297,0.236846923828125
0.7966101694418163,0.8623853211009175,0.7401574803149606,1.500253677368164
0.8032786884748622,0.8672566371681416,0.7480916030534351,0.06424903869628906
0.808823529362035,0.873015873015873,0.7534246575342466,0.4373493194580078
0.8175675675178438,0.8832116788321168,0.7610062893081762,0.4333515167236328
0.8307692307194812,0.8940397350993378,0.7758620689655172,0.9789829254150391
0.8313253011550806,0.8961038961038961,0.7752808988764045,0.40995216369628906
0.8338192419327729,0.89937106918239,0.7771739130434783,0.3206958770751953
0.8385269121315538,0.9024390243902439,0.783068783068783,0.22254085540771484
0.8455284552347824,0.9069767441860465,0.7918781725888325,0.26459312438964844
0.8492462311060263,0.9135135135135135,0.7934272300469484,1.0754146575927734
0.853658536535599,0.9162303664921466,0.7990867579908676,0.14845752716064453
0.8497652581661785,0.9095477386934674,0.7973568281938326,1.1721782684326172
0.8532110091245181,0.9117647058823529,0.8017241379310345,0.12122535705566406
0.8533333332835268,0.909952606635071,0.803347280334728,0.35230255126953125
0.8565217390806201,0.9120370370370371,0.8073770491803278,0.28615665435791016
0.8595744680352838,0.9140271493212669,0.8112449799196787,0.13510513305664062
0.8583162217160675,0.908695652173913,0.8132295719844358,0.8540992736816406
0.8632812499501289,0.9094650205761317,0.8215613382899628,0.5751094818115234
0.8648648648149908,0.9105691056910569,0.8235294117647058,0.15636634826660156
0.8661710036676076,0.9137254901960784,0.823321554770318,0.6041746139526367
0.8676470587736618,0.9147286821705426,0.8251748251748252,0.09934806823730469
0.870503597072429,0.9166666666666666,0.8287671232876712,0.023441314697265625
0.8671328670829704,0.9084249084249084,0.8294314381270903,1.1622028350830078
0.8580968279968963,0.9081272084805654,0.8132911392405063,0.8155918121337891
0.8612440190889118,0.9121621621621622,0.8157099697885196,0.584197998046875
0.8611987381205081,0.9130434782608695,0.8149253731343283,0.46193695068359375
0.8619119878105697,0.9161290322580645,0.8137535816618912,0.10268592834472656
0.863157894687014,0.9169329073482428,0.8153409090909091,0.010309219360351562
0.8675400290622426,0.9197530864197531,0.8209366391184573,0.11086368560791016
0.8689458688960154,0.9186746987951807,0.8243243243243243,0.37566566467285156
0.871508379838409,0.9203539823008849,0.8275862068965517,0.1494741439819336
0.8702702702204164,0.92,0.8256410256410256,0.438720703125
0.8665785996859457,0.9162011173184358,0.8220551378446115,2.484752655029297
0.8600508905354439,0.9184782608695652,0.8086124401913876,1.1649284362792969
0.8607277289338935,0.9195710455764075,0.8089622641509434,0.064239501953125
0.8560975609258599,0.9212598425196851,0.7995444191343963,1.4010601043701172
0.8571428570931079,0.9224806201550387,0.8004484304932735,0.17752647399902344
0.8594847774678113,0.924433249370277,0.8030634573304157,0.09210205078125
0.8601156068866649,0.9253731343283582,0.8034557235421166,0.5805130004882812
0.8610792192384198,0.9259259259259259,0.8047210300429185,0.023288726806640625
0.8600682593359064,0.9242053789731052,0.8042553191489362,0.5929403305053711
0.8615384614886936,0.9245283018867925,0.8065843621399177,1.2498111724853516
0.8627027026529346,0.925754060324826,0.8076923076923077,0.12852191925048828
0.864461045841368,0.9267734553775744,0.81,0.12425518035888672
0.8613445377653381,0.9213483146067416,0.8086785009861933,1.9596996307373047
0.8633093524681953,0.9230769230769231,0.8108108108108109,0.7738056182861328
0.8645937812942318,0.9229122055674518,0.8132075471698114,0.7213420867919922
0.8650246304920769,0.9242105263157895,0.812962962962963,0.4446830749511719
0.8647619047121022,0.9227642276422764,0.8136200716845878,1.7767105102539062
0.8646616540855309,0.9218436873747495,0.8141592920353983,0.7645435333251953
0.8621646622998799,0.9209486166007905,0.8104347826086956,0.8888492584228516
0.8633093524681953,0.9230769230769231,0.8108108108108109,0.3841896057128906
0.8651000869824036,0.9237918215613383,0.8134206219312602,1.044952392578125
0.8655172413295138,0.9244935543278084,0.813614262560778,0.2798118591308594
0.8636748517707037,0.9239130434782609,0.8108108108108109,0.7784414291381836
0.8616666666168888,0.9232142857142858,0.8078125,0.47017574310302734
0.8645161289824661,0.9241379310344827,0.8121212121212121,1.28680419921875
0.8657664812845892,0.923728813559322,0.8146487294469357,0.8607540130615234
0.8692307691809585,0.9262295081967213,0.8188405797101449,0.5860977172851562
0.8687022900265224,0.9252032520325203,0.818705035971223,1.5826807022094727
0.8683812404948126,0.9243156199677939,0.818830242510699,0.41387176513671875
0.8717948717450479,0.926791277258567,0.8229598893499308,0.7421541213989258
0.8716461203272574,0.926040061633282,0.8232876712328767,0.664794921875
0.8710601718699519,0.926829268292683,0.8216216216216217,0.3027191162109375
0.8702397742802096,0.9236526946107785,0.8226666666666667,1.4089488983154297
0.8716169326358009,0.9248895434462445,0.8241469816272966,0.6432018280029297
0.8692098092144768,0.9232995658465991,0.8211068211068211,2.6457748413085938
0.8670212765459316,0.9235127478753541,0.8170426065162907,2.082063674926758
0.8678996036489958,0.9240506329113924,0.8181818181818182,0.1937255859375
0.8676277850091595,0.9232914923291492,0.8182941903584673,0.38832664489746094
0.8682367918025062,0.924119241192412,0.8187274909963985,0.7661514282226562
0.8683718028197951,0.9230769230769231,0.8197879858657244,1.1486701965332031
0.8681983070844027,0.924066924066924,0.8187001140250855,1.4429130554199219
0.8701837581007424,0.9255989911727617,0.8210290827740492,0.8330974578857422
0.8714953270529813,0.9267080745341615,0.8224917309812569,0.77960205078125
0.8707639287267541,0.9277845777233782,0.8203463203463204,2.548898696899414
0.8703071671856907,0.9283980582524272,0.8190578158458244,1.270669937133789
0.870894677186887,0.928743961352657,0.8198294243070362,0.17559814453125
0.87057522118911,0.9247943595769683,0.8223615464994776,3.8279685974121094
0.8733153638315618,0.9257142857142857,0.826530612244898,1.310537338256836
0.8725910063741377,0.9240362811791383,0.8265720081135902,1.1462955474853516
0.8711395100673053,0.9232505643340858,0.8245967741935484,1.2891530990600586
0.8703898840386761,0.9229050279329609,0.8235294117647058,1.7988471984863281
0.8698845749763876,0.9211111111111111,0.8240556660039762,0.9051456451416016
0.8705148205429727,0.9207920792079208,0.8254437869822485,0.3330984115600586
0.8717948717450196,0.9219088937093276,0.8268482490272373,0.47672462463378906
0.8725985843788595,0.9220085470085471,0.8282149712092131,1.171142578125
0.8706592853049566,0.9211927582534611,0.825381679389313,1.2337360382080078
0.8703427719322683,0.9211356466876972,0.8248587570621468,1.0442066192626953
0.869995056796424,0.9214659685863874,0.8239700374531835,0.9576740264892578
0.8705422569115647,0.922360248447205,0.8242368177613321,0.7636013031005859
0.8712967459433566,0.9228395061728395,0.8252069917203312,0.18268585205078125
0.8720651652592133,0.9238578680203046,0.8257713248638838,1.238936424255371
0.8727965697452958,0.9243188698284561,0.8267148014440433,0.33724403381347656
0.8728296573879785,0.9244532803180915,0.8266666666666667,0.8683605194091797
0.873541763832562,0.924901185770751,0.8275862068965517,0.29172706604003906
0.8736263735765349,0.9262135922330097,0.8266897746967071,0.7409286499023438
0.874087591191036,0.9264990328820116,0.8272884283246977,0.040985107421875
0.8739800543472519,0.9251439539347409,0.8281786941580757,0.7194404602050781
0.8743218806011467,0.9253588516746412,0.8286203941730934,0.021576881408691406
0.8756130182292408,0.9264150943396227,0.8300929839391378,0.2080373764038086
0.8749451513323404,0.9265799256505576,0.828761429758936,1.0149383544921875
0.8749455337192211,0.9270544783010157,0.8283828382838284,0.13882160186767578
0.8752166377317878,0.9274563820018366,0.8285479901558654,0.7526969909667969
0.8752660706185249,0.9269612263300271,0.8290322580645161,2.13323974609375
0.8762146176096377,0.9275491949910555,0.8302642113690952,0.1445140838623047
0.8751565761505812,0.9282550930026572,0.8278041074249605,0.2628335952758789
0.8749484110108238,0.9265734265734266,0.8287724784988272,1.7962150573730469
0.8753076291544167,0.9262152777777778,0.8297045101088647,0.3282127380371094
0.8742903486930556,0.9253218884120171,0.8285933897002306,1.7864971160888672
0.8746968471611455,0.9255774165953806,0.8291187739463601,0.02565765380859375
0.8755432634823471,0.9256474519632414,0.8305847076461769,1.7009201049804688
0.876755070152953,0.9266281945589447,0.8319763138415989,0.4792976379394531
0.8776142524675711,0.9271685761047463,0.8330882352941177,0.28015899658203125
0.8767754318119548,0.9277010560519903,0.8311499272197962,0.1407794952392578
0.8756143666798374,0.9278846153846154,0.8289191123836793,1.2821941375732422
0.8761261260762847,0.9284009546539379,0.8294243070362474,0.19132614135742188
0.8768656715919476,0.9288537549407114,0.8303886925795053,0.24485397338867188
0.8780487804379585,0.9295774647887324,0.8319327731092437,0.046741485595703125
0.878621195403032,0.9301242236024845,0.8325225851285615,0.2985239028930664
0.8792165396672378,0.9308755760368663,0.8329896907216495,0.3383369445800781
0.8794223826216346,0.9311926605504587,0.8331053351573188,0.6086845397949219
0.8795698924232705,0.9309559939301972,0.8335597826086957,0.9923534393310547
0.8796858264406923,0.9312169312169312,0.8335588633288228,0.06894397735595703
0.8797736916050358,0.9318352059925094,0.8332217012726055,0.9565448760986328
0.8801405974896993,0.932241250930752,0.833555259653795,0.0875244140625
0.880139372772455,0.9321033210332104,0.8336633663366336,1.3625602722167969
0.8802768165591499,0.9318681318681319,0.8340983606557377,0.6522560119628906
0.8801922416254016,0.9316860465116279,0.8340923877683799,0.3547401428222656
0.8800272664804827,0.9307858687815429,0.8345184227537169,1.4266700744628906
0.8802984061895521,0.9311334289813487,0.8347266881028939,0.6721820831298828
0.8802698144526733,0.9301496792587313,0.8354673495518566,1.1745834350585938
0.8804820890027028,0.92998585572843,0.8359821996185632,0.5846462249755859
0.8806666666168054,0.9296270232230823,0.8366054464851171,0.8662528991699219
0.8804239814009504,0.9293706293706294,0.8363750786658276,1.459136962890625
0.8802375453147071,0.929616724738676,0.8358395989974937,0.08698654174804688
0.8801302931097553,0.9304407713498623,0.8349814585908529,0.536895751953125
0.8796895212955587,0.9308692676249144,0.8338442673206622,0.9033279418945312
0.8799999999501504,0.9310580204778157,0.8342507645259939,0.3015174865722656
0.880535202243869,0.9306397306397306,0.8355501813784765,1.0059337615966797
0.8812163445811221,0.9310575635876841,0.8364401683704149,0.06201934814453125
0.881612090630244,0.9314703925482368,0.8368200836820083,0.7327728271484375
0.8817069343712297,0.9316976127320955,0.8368076235854676,1.4177627563476562
0.881513647592829,0.9324146981627297,0.8358823529411765,0.7390193939208984
0.8814082766641688,0.9320705421293273,0.8359695371997656,0.44072532653808594
0.8813038129882768,0.9317295188556567,0.8360560093348891,0.5051059722900391
0.8814385857471586,0.9317010309278351,0.8363215731636784,1.2311382293701172
0.8824593127892003,0.9318905155951623,0.8380080137378363,0.42211151123046875
0.8824767056910493,0.932063492063492,0.8378995433789954,0.06902694702148438
0.8826318908807853,0.9317897371714643,0.8384009009009009,0.8716897964477539
0.8824049513206108,0.9321295143212951,0.8377168438724119,0.2243824005126953
0.8829039812147791,0.9325912183055041,0.8382434685936632,0.1395397186279297
0.8830715531787614,0.9324324324324325,0.8386740331491712,1.1072998046875
0.8833718244305074,0.9323583180987203,0.8392759188151399,0.9457845687866211
0.8834391228583894,0.9323995127892813,0.8393640350877193,0.13110733032226562
0.8826879270572048,0.9326113116726835,0.8378378378378378,1.0491867065429688
0.8823194996658903,0.9321321321321321,0.8375607123583378,1.0152473449707031
0.8829487900458097,0.9328180737217598,0.8381410256410257,1.171915054321289
0.8831605491235811,0.9330965068087625,0.8382978723404255,0.6027931571006775
